Domain,Start,Stop
phosphorylation-site-1,36,36
phosphorylation-site-2,38,38
Transmemberane-domain-1,132,150
Transmemberane-domain-2,158,178
Transmemberane-domain-3,217,233
Transmemberane-domain-4,253,272
Transmemberane-domain-5,390,419
phosphorylation-site-3,457,457
phosphorylation-site-4,460,460
phosphorylation-site-5,483,483
phosphorylation-site-6,484,484
phosphorylation-site-7,486,486
phosphorylation-site-8,497,497
phosphorylation-site-9,510,510
Methylation-1,513,513
Methylation-2,526,526
phosphorylation-site-10,539,539
phosphorylation-site-11,571,571
phosphorylation-site-12,664,664
phosphorylation-site-13,667,667
Methylation-3,680,680
Transmemberane-domain-6,718,736
Transmemberane-domain-7,748,767
Transmemberane-domain-8,782,801
Transmemberane-domain-9,804,821
Transmemberane-domain-10,838,856
Transmemberane-domain-11,918,938
Transmemberane-domain-12,918,938
Sodium-ion-transport,953,1200
Transmemberane-domain-13,1207,1224
Transmemberane-domain-14,1238,1256
Transmemberane-domain-15,1271,1289
Transmemberane-domain-16,1298,1316
Transmemberane-domain-17,1334,1353
Transmemberane-domain-18,1445,1466
Na_channel_gate,1471,1523
phosphorylation-site-14,1503,1503
Transmemberane-domain-19,1530,1547
Transmemberane-domain-20,1559,1577
Transmemberane-domain-21,1590,1607
Transmemberane-domain-22,1621,1637
Transmemberane-domain-23,1657,1674
Transmemberane-domain-24,1749,1771
GPHH,1792,1849
Interaction-with-FGF13,1839,1901
Interaction-with-NEDD4-NEDD4L-WWP2,1974,1977
