Domain,Start,Stop
Ion-transport-protein,409,668
PAS-domain,29,130
phosphorylation-site-1,283,283
phosphorylation-site-2,284,284
phosphorylation-site-3,321,321
phosphorylation-site-4,351,351
Transmemberane-domain-1,404,424
Transmemberane-domain-2,451,471
Transmemberane-domain-3,496,516
Transmemberane-domain-4,521,541
Transmemberane-domain-5,548,568
Glycolysation,598,598
Selectivity-filter,624,629
Transmemberane-domain-6,639,659
CAP-Effector-domain,742,853
ligand-binding-site-1,806,807
ligand-binding-site-2,818,820
flexible-hinge-region-1,840,842
flexible-hinge-region-2,846,848
phosphorylation-site-5,871,871
phosphorylation-site-6,874,874
SSTK-interacting-protein,1012,1113
Methylation,1014,1014
phosphorylation-site-7,1137,1137
